{"v":"5.5.3","fr":25,"ip":0,"op":21,"w":300,"h":200,"nm":"load 2","ddd":0,"comps":[],"layers":[{"ddd":0,"ind":1,"ty":4,"nm":"Camada de forma 3","sr":1,"ks":{"o":{"a":1,"k":[{"i":{"x":[0.45],"y":[1]},"o":{"x":[0.88],"y":[0]},"t":10,"s":[70],"e":[100]},{"i":{"x":[0.45],"y":[1]},"o":{"x":[0.88],"y":[0]},"t":15,"s":[100],"e":[70]},{"t":20}],"ix":11},"r":{"a":0,"k":0,"ix":10},"p":{"a":1,"k":[{"i":{"x":1,"y":1},"o":{"x":0,"y":0},"t":10,"s":[242,100,0],"e":[242,50,0],"to":[0,-8.333,0],"ti":[0,0,0]},{"i":{"x":1,"y":1},"o":{"x":0,"y":0},"t":15,"s":[242,50,0],"e":[242,100,0],"to":[0,0,0],"ti":[0,-8.333,0]},{"t":20}],"ix":2},"a":{"a":0,"k":[-160,12,0],"ix":1},"s":{"a":0,"k":[100,100,100],"ix":6}},"ao":0,"shapes":[{"ty":"gr","it":[{"d":1,"ty":"el","s":{"a":0,"k":[57.641,57.641],"ix":2},"p":{"a":0,"k":[0,0],"ix":3},"nm":"Caminho da elipse 1","mn":"ADBE Vector Shape - Ellipse","hd":false},{"ty":"fl","c":{"a":0,"k":[0.2901960784313726,0.5647058823529412,0.8862745098039215,1],"ix":4},"o":{"a":0,"k":100,"ix":5},"r":1,"bm":0,"nm":"Preenchimento 1","mn":"ADBE Vector Graphic - Fill","hd":false},{"ty":"tr","p":{"a":0,"k":[-161.18,10.82],"ix":2},"a":{"a":0,"k":[0,0],"ix":1},"s":{"a":0,"k":[100,100],"ix":3},"r":{"a":0,"k":0,"ix":6},"o":{"a":0,"k":100,"ix":7},"sk":{"a":0,"k":0,"ix":4},"sa":{"a":0,"k":0,"ix":5},"nm":"Transformar"}],"nm":"Elipse 1","np":3,"cix":2,"bm":0,"ix":1,"mn":"ADBE Vector Group","hd":false}],"ip":0,"op":750,"st":0,"bm":0},{"ddd":0,"ind":2,"ty":4,"nm":"Camada de forma 2","sr":1,"ks":{"o":{"a":1,"k":[{"i":{"x":[0.833],"y":[1]},"o":{"x":[0.88],"y":[0]},"t":5,"s":[70],"e":[100]},{"i":{"x":[0.833],"y":[1]},"o":{"x":[0.167],"y":[0]},"t":10,"s":[100],"e":[70]},{"t":15}],"ix":11},"r":{"a":0,"k":0,"ix":10},"p":{"a":1,"k":[{"i":{"x":1,"y":1},"o":{"x":0,"y":0},"t":5,"s":[152,100,0],"e":[152,50,0],"to":[0,-8.333,0],"ti":[0,0,0]},{"i":{"x":1,"y":1},"o":{"x":0,"y":0},"t":10,"s":[152,50,0],"e":[152,100,0],"to":[0,0,0],"ti":[0,-8.333,0]},{"t":15}],"ix":2},"a":{"a":0,"k":[-160,12,0],"ix":1},"s":{"a":0,"k":[100,100,100],"ix":6}},"ao":0,"shapes":[{"ty":"gr","it":[{"d":1,"ty":"el","s":{"a":0,"k":[57.641,57.641],"ix":2},"p":{"a":0,"k":[0,0],"ix":3},"nm":"Caminho da elipse 1","mn":"ADBE Vector Shape - Ellipse","hd":false},{"ty":"fl","c":{"a":0,"k":[0.2901960784313726,0.5647058823529412,0.8862745098039215,1],"ix":4},"o":{"a":0,"k":100,"ix":5},"r":1,"bm":0,"nm":"Preenchimento 1","mn":"ADBE Vector Graphic - Fill","hd":false},{"ty":"tr","p":{"a":0,"k":[-161.18,10.82],"ix":2},"a":{"a":0,"k":[0,0],"ix":1},"s":{"a":0,"k":[100,100],"ix":3},"r":{"a":0,"k":0,"ix":6},"o":{"a":0,"k":100,"ix":7},"sk":{"a":0,"k":0,"ix":4},"sa":{"a":0,"k":0,"ix":5},"nm":"Transformar"}],"nm":"Elipse 1","np":3,"cix":2,"bm":0,"ix":1,"mn":"ADBE Vector Group","hd":false}],"ip":0,"op":750,"st":0,"bm":0},{"ddd":0,"ind":3,"ty":4,"nm":"Camada de forma 1","sr":1,"ks":{"o":{"a":1,"k":[{"i":{"x":[0.45],"y":[1]},"o":{"x":[0.88],"y":[0]},"t":0,"s":[70],"e":[100]},{"i":{"x":[0.45],"y":[1]},"o":{"x":[0.88],"y":[0]},"t":5,"s":[100],"e":[70]},{"t":10}],"ix":11},"r":{"a":0,"k":0,"ix":10},"p":{"a":1,"k":[{"i":{"x":0.45,"y":0.879},"o":{"x":0,"y":0},"t":0,"s":[64,100,0],"e":[64,50,0],"to":[0,-8.333,0],"ti":[0,0,0]},{"i":{"x":0.45,"y":0.879},"o":{"x":0,"y":0},"t":5,"s":[64,50,0],"e":[64,100,0],"to":[0,0,0],"ti":[0,-8.333,0]},{"t":10}],"ix":2},"a":{"a":0,"k":[-160,12,0],"ix":1},"s":{"a":0,"k":[100,100,100],"ix":6}},"ao":0,"shapes":[{"ty":"gr","it":[{"d":1,"ty":"el","s":{"a":0,"k":[57.641,57.641],"ix":2},"p":{"a":0,"k":[0,0],"ix":3},"nm":"Caminho da elipse 1","mn":"ADBE Vector Shape - Ellipse","hd":false},{"ty":"fl","c":{"a":0,"k":[0.2901960784313726,0.5647058823529412,0.8862745098039215,1],"ix":4},"o":{"a":0,"k":100,"ix":5},"r":1,"bm":0,"nm":"Preenchimento 1","mn":"ADBE Vector Graphic - Fill","hd":false},{"ty":"tr","p":{"a":0,"k":[-161.18,10.82],"ix":2},"a":{"a":0,"k":[0,0],"ix":1},"s":{"a":0,"k":[100,100],"ix":3},"r":{"a":0,"k":0,"ix":6},"o":{"a":0,"k":100,"ix":7},"sk":{"a":0,"k":0,"ix":4},"sa":{"a":0,"k":0,"ix":5},"nm":"Transformar"}],"nm":"Elipse 1","np":3,"cix":2,"bm":0,"ix":1,"mn":"ADBE Vector Group","hd":false}],"ip":0,"op":750,"st":0,"bm":0}],"markers":[]}